{
    "invalidParameter": 1,
    "parameterNotInformed": 2,
    "parameterNotInformedInPath": 3,
    "errorLoadingInfo": 4,
    "errorInvokingService": 5,
    "error": 6,
    "dnaNotInformed": 7,
    "payloadNotInformed": 8,
    "connectionUnexpectedError": 9,
    "connectionErrorConectInDataBase": 10,
    "connectionErrorInitTransactionInDataBase": 11,
    "errorSaveRegisterDataBase": 12,
    "success": 13,
    "failure": 14,
    "errorDeleteRegisterDataBase": 15,
    "denied": 16,
    "invalidContact": 17,
    "secretNotFound": 18,
    "errorGetSecretEncryptDecrypt": 19,
    "userEnabled": 20,
    "userRegistered": 21,
    "userNotRegistered": 22,
    "errorGetPatientInDataBase": 23,
    "errorPatientNotFound": 24,
    "errorAuthenticateUserInThePool": 25,
    "errorUpdatePasswordInThePool": 26,
    "errorSaveUserInThePool": 27,
    "errorSaveLoginInDataBase": 28,
    "errorRollbackLoginInDataBase": 29,
    "userNotFoundInDataBase": 30,
    "errorSearchQuizInDataBase": 31,
    "errorRefreshQuizInDataBase": 32,
    "errorRemoveLastAnswer": 33,
    "errorRemoveLastQuestion": 34,
    "quizNotFound": 35,
    "errorRecoverTokenUserInPool": 36,
    "errorAuthenticateUserInPool": 37,
    "errorGetUserInDataBase": 38,
    "errorGeneratePrivateKey": 39,
    "errorSaveTokenInDataBase": 40,
    "errorGetContactsInDataBase": 41,
    "errorGetDependentsInDataBase": 42,
    "errorGetDisclaimersInDataBase": 43,
    "disclaimersNotFound": 44,
    "errorSearchUserInDataBase": 45,
    "userNotFound": 46,
    "errorGenerateCode": 47,
    "errorVerifyAmountCodeValidation": 48,
    "errorSaveValidationCodeInDataBase": 49,
    "notesNotFound": 50,
    "errorSalveQuizInDataBase": 51,
    "invalidMessageType": 52,
    "invalidPhone": 53,
    "errorUpdateContactInDataBase": 54,
    "contactNotFound": 55,
    "errorValidateSecurityCode": 56,
    "securityCodeHasExpired": 57,
    "errorSearchBeneficiaryInDataBase": 58,
    "beneficiaryNotFound": 59,
    "numberAttemptsExceded": 60,
    "errorGetQuizAnswers": 61,
    "errorGetProfilePicture": 62,
    "errorSaveProfilePicture": 63,
    "errorTranslatingMessage": 64,
    "errorSendingEmail": 65,
    "errorSendingSMS": 66,
    "errorSendingPushApple": 67,
    "errorSendingPushAndroid": 68,
    "emailNotRegistered": 69,
    "invalidBotContext": 70,
    "domianNotFound": 71,
    "errorGetDomainInDataBase": 72,
    "domianValueNotFound": 73,
    "errorGetDomainValueInDataBase": 74,
    "errorGetUserProfileInDataBase": 75,
    "userProfileNotFound": 75,
    "errorSaveNickNameInDataBase": 76,
    "errorGetNickNameInDataBase": 77,
    "nickNameNotFound": 78,
    "serviceNotFound": 79,
    "connectionErrorCommitTransactionInDataBase": 80,
    "errorClearingBeneficiariesInDatabase": 81,
    "errorLinkingBeneficiaryInDatabase": 82,
    "noRowsAffected": 83,
    "userIsNotActive": 84,
    "errorValidatingNicknameInDatabase": 85,
    "invalidNickname": 86,
    "errorInvalidUserNameOrPassword": 87,
    "errorPasswordNotSatitsfyConstraints": 88,
    "errorOldPasswordSameAsNewPassword": 89,
    "errorUserNotFoundInPool": 90,
    "errorRemoveUserInThePool": 91,
    "notifyRegisterDependentNotFoundInDataBase": 92,
    "errorGetPendingNotificationInDataBase": 93,
    "errorGetPushNotificationTokenInDataBase": 94,
    "invalidPushNotificationToken": 95,
    "errorSavePendingPushNotificationInDataBase": 96,
    "errorGetPendentQuizzesInDataBase": 97,
    "errorGetQuizProgressInDataBase": 98,
    "errorGetHealthPlanInDataBase": 99,
    "healthPlanNotFound": 100,
    "errorGetNotificationInDataBase": 101,
    "errorSaveEmergencyCallInDataBase": 102,
    "errorSaveHelpNotificationInDataBase": 103,
    "uncreatedUser": 104,
    "userDisabled": 105,
    "errorDisableUser": 106,
    "errorEnabledUser": 107,
    "errorLimitExceededChangingPassword": 108,
    "quizInactive": 109,
    "errorGetAppointmentReasonInDataBase": 110,
    "appointmentReasonNotFound": 111,
    "errorSaveAppointmentReasonInDataBase": 112,
    "errorUpdateAppointmentReasonInDataBase": 113,
    "errorDeleteAppointmentReasonInDataBase": 114,
    "appointmentReasonAlreadyExists": 115,
    "contactExistInDataBase": 116,
    "userNotPassedOnboarding": 117,
    "erroGenerateTokenInTouch": 118,
    "errorGetMedicalAppointment": 119,
    "medicalAppointmentNotFound": 120,
    "userHasNoInstitution": 121,
    "errorGetRequestByRequestId": 122,
    "internalErrorGetRequestByRequestId": 123,
    "requestByRequestIdNotFound": 124,
    "requestByRequestIdCodeNotFound": 125,
    "requestByRequestIdFailure": 126,
    "requestByRequestIdStatusNotFound": 127,
    "errorSaveRequestInDynamoDb": 128,
    "errorGetScheduleRequestInDataBase": 129,
    "scheduleRequestNotFound": 130,
    "onlyDoctor": 131,
    "onlyDoctorAvailable": 132,
    "scheduleIsNull": 133,
    "errorGetIdentifierInDataBase": 134,
    "identifierNotFoundInDataBase": 135,
    "scheduleAuthenticationError": 136,
    "errorGenerateSchedule": 137,
    "scheduleAppointmentNotFound": 138,
    "errorScheduleAppointment": 139,
    "errorDeleteNicknameFromDataBase": 140,
    "errorConfirmingAppointment": 141,
    "errorGetFacilitiesInDatabase": 142,
    "errorGetFacilityInDatabase": 143,
    "errorGetUserIdentifierInDataBase": 144,
    "userIdentifierNotFound": 145,
    "errorGetDoctorInDataBase": 146,
    "doctorNotFound": 147
}